firm,date_review,job_title,current,location,overall rating,work life balance,culture values,diversity inclusion,career opportunities ,company benefits,senior mgmt,headline,status
Adecco,09-03-2018, Database Administrator,"Current Employee, less than 1 year",Kurnool,5,4,5,4,5,5,5,company is really good to work ,0
American-Express,2/26/2017, Data Analyst,"Current Employee, more than 1 year","Gurgaon, Haryana, Haryana",4,5,4,4,4,4,3,Good Worklife balance  and projects,0
American-Express,5/24/2018, Data Engineer,"Current Employee, more than 1 year","Gurgaon, Haryana, Haryana",4,2,3,4,3,4,2,Good Company to Work with,0
American-Express,08-05-2018, Data Analyst,"Current Employee, less than 1 year","Gurgaon, Haryana, Haryana",2,4,4,4,3,3,3,Some times peaceful and sometimes harsh,2
American-Express,11/25/2019, Senior Data Analyst,"Current Employee, more than 10 years","Gurgaon, Haryana, Haryana",5,5,5,4,5,5,5,One of the best employee centric company,0
American-Express,11/30/2019, Data Scientist,"Current Employee, more than 3 years","Gurgaon, Haryana, Haryana",4,3,5,4,4,5,4,I have been part of Amex for the last 3 years. It was a good experience till this point.,0
American-Express,05-12-2020, Data Scientist,Current Employee,Bangalore,3,3,5,4,1,1,1,"good work environment, lot of outdoor activities",0
American-Express,5/24/2020, Senior Data Engineer,Current Employee,"Gurgaon, Haryana, Haryana",5,5,5,4,4,4,4,"Good work life balance, Decent Pay, Flexible working hours (Depends on your Project), Employee friendly policies, Job security",0
American-Express,8/26/2020, Database Engineer II,"Current Employee, less than 1 year",Bangalore,5,5,5,4,5,5,5,Great company to work with,0
American-Express,09-07-2020, Database Engineer,"Current Employee, less than 1 year","Gurgaon, Haryana, Haryana",5,5,5,5,5,5,5,the working environment is very good and ample support from seniors ,0
American-Express,09-11-2020, Data Scientist,"Current Employee, less than 1 year",Bangalore,5,5,5,5,5,5,4,Best company to work for,0
American-Express,9/13/2020, Data Analyst,Current Employee,"Gurgaon, Haryana, Haryana",5,5,5,5,5,3,5,"Employee centric, good work culture, work life balance",0
American-Express,11-12-2020, Senior Data Analyst,Current Employee,"Gurgaon, Haryana, Haryana",5,4,5,4,5,4,4,Best company to settle,0
American-Express,1/21/2021, Senior Data Analyst,Current Employee,"Gurgaon, Haryana, Haryana",5,5,4,5,4,4,5,Great work life balance over here,0
American-Express,2/17/2021, Data Analyst,"Current Employee, less than 1 year","Gurgaon, Haryana, Haryana",4,4,4,4,4,4,3,Good work culture and flexible timings,0
American-Express,2/26/2021, Data Scientist,Current Employee,New Delhi,5,5,5,5,5,5,5,Best company to work for ,0
American-Express,3/24/2021, Data Engineer I,"Current Employee, more than 1 year",Bangalore,4,4,4,4,4,4,4,"Good tech stack,great team and work-environment",0
American-Express,04-07-2021, Data Analyst,"Current Employee, more than 1 year","Gurgaon, Haryana, Haryana",4,5,5,5,4,4,5,Work-life balance is good and the salary package is satisfying ,0
Aon,07-05-2017, Data Analyst,"Current Employee, more than 3 years","Gurgaon, Haryana, Haryana",4,5,4,5,4,4,4,"Good Work Life Balance, Poisitve attitude",0
Aon,02-11-2019, Data Analyst,"Current Employee, more than 1 year","Gurgaon, Haryana, Haryana",4,5,5,4,5,3,4,Best working environmnet and has a good work life balance,0
Aon,6/17/2019, Data Analyst,"Current Employee, more than 1 year","Gurgaon, Haryana, Haryana",3,4,3,4,4,2,3,good work life balance but in terms of compensation for a fresher is less and no increment for overtime.,2
Aon,7/14/2019, Junior Data Analyst,"Current Employee, less than 1 year","Gurgaon, Haryana, Haryana",5,5,5,4,3,2,5,Work life balance and working environment is very good.,0
Aon,09-02-2020, Data Analyst,"Current Employee, less than 1 year",Bangalore,3,1,1,1,4,1,1,Good work but worst management and culture,1
Aon,02-09-2021, Data Analyst,"Current Employee, more than 1 year","Gurgaon, Haryana, Haryana",4,5,5,4,3,2,4,"Suitable for freshers good Work life balance, balanced learning",0
Aon,4/20/2021, Junior Data Analyst,"Current Employee, more than 1 year","Gurgaon, Haryana, Haryana",3,4,4,4,3,3,4,"Great work environment, helpful peers",0
Aon,5/25/2021, Data Analyst,"Current Employee, more than 3 years","Gurgaon, Haryana, Haryana",5,5,5,5,4,5,5,Excellent work environment and work life balance,0
Apple,04-08-2020, Data Entry Operator,Current Employee,Chandigarh,5,5,5,5,5,5,5,Apple company is one of the best company,0
AstraZeneca,06-10-2019, Data Analyst,"Current Employee, more than 1 year",Chennai,3,2,3,3,2,3,1,no proper recognition for the employees and no worth in contributing the talent,1
AstraZeneca,01-04-2021, Data Engineer,Current Employee,Chennai,5,4,5,5,4,4,4,Great workplace and good working environment,0
AstraZeneca,04-03-2021, Data Analyst,Current Employee,Chennai,4,5,4,2,4,4,2,"Good Company, Work-life balance
HR benefits is good",0
AstraZeneca,05-07-2021, Data Science Intern,"Current Employee, more than 1 year",Chennai,5,5,5,5,5,5,5,"Good Work ethics, good hike",0
AstraZeneca,5/20/2021, Data Governance Lead,"Current Employee, more than 3 years",Chennai,4,5,2,2,4,1,3,Its a very good company to work. Astrazeneca will provide all kind of support,0
BNP-Paribas,8/27/2019, Data Science Manager,Current Employee,Mumbai,4,5,4,4,4,4,4,Work life balance is good,0
BNY-Mellon,07-05-2018, Data Analyst,"Current Employee, more than 1 year",Pune,2,2,2,2,1,2,1,Good company but worst in terms of compensation and bonus.,1
BNY-Mellon,5/19/2019, Data Scientist,"Current Employee, more than 1 year",Pune,4,3,3,3,3,3,3,good company to work for we can vast knowledge on different tools that deals with data science,0
BNY-Mellon,4/30/2020, Data Management Specialist,"Current Employee, more than 8 years",Chennai,3,4,3,4,4,4,2,"Good Worklife balance,Team environment and
Supportive mid-level management, good compensation.",0
BNY-Mellon,01-11-2021, Senior Data Processor,"Current Employee, more than 1 year",Chennai,5,5,5,5,5,5,5,Very Good atmosphere. Great place to work.,0
BNY-Mellon,02-10-2021, Lead Data Scientist,Current Employee,Pune,3,4,2,5,4,2,2,Nice company if you have joined after 2018 and Pay package for existing employees are way to less as compared to market standards.,2
BNY-Mellon,05-08-2021," Analyst, Quantitative Analysis & Data Management","Current Employee, more than 3 years",Pune,3,4,2,2,1,4,1,Relaxed working environment. No proper growth opportunity,1
BT,4/18/2018, Big Data Engineer,"Current Employee, more than 1 year",Bangalore,5,5,4,4,5,2,5,Amazing place to work The level of liberty and freedom you got to get your work done is amazing,0
BT,7/20/2018, Data Analyst,"Current Employee, less than 1 year",Bangalore,4,4,4,4,3,4,4,"A good place to work & You get exposed to many technologies at work.
You can maintain a good work life balance",0
BT,08-01-2018, Data Analyst,"Current Employee, more than 3 years",Bangalore,4,4,5,4,4,3,2,"Scope to learn new technologies and easily move across different business teams
- BT provides enough amount of Career & Technical development courses",0
BT,9/19/2018, Data Network Engineer,"Current Employee, more than 3 years",Calcutta,4,5,4,4,5,4,4,"Very good growth opportunities
AC cab facilities is top notch
Subsidised food
Taking leaves is encouraged.",0
BT,12/31/2018, Data Analyst,"Current Employee, more than 3 years","Gurgaon, Haryana, Haryana",4,5,4,4,4,3,3,"Great place to work, Excellent future opportunities , no work pressure , amazing work life balance",0
BT,08-08-2020, Senior Data Analyst,Current Employee,"Gurgaon, Haryana, Haryana",5,4,5,5,5,4,4,Good experience there is lot to learn at BT,0
BT,8/21/2020, Data Science Analyst,Current Employee,"Gurgaon, Haryana, Haryana",5,5,5,4,4,5,3,"Employee friendly, good pay and work culture with easy work from home and other such flexible policies",0
BT,8/24/2020, Data Quality Analyst,"Current Employee, more than 3 years","Gurgaon, Haryana, Haryana",5,5,5,4,5,5,5,"Good company, Full support during covid time, WFH facility, free furniture",0
BT,09-09-2020, Data Analyst,"Current Employee, more than 3 years","Gurgaon, Haryana, Haryana",4,4,4,4,3,3,3,Work life balance and flexibility could be one of the motivator for people,0
BT,11/20/2020, Data Engineer,"Current Employee, more than 3 years",Bangalore,3,1,2,1,3,3,1,Scope for learning and new technology but No work life balance and bad management,1
BT,12-07-2020, Senior Data Scientist,Current Employee,Bangalore,4,3,4,4,3,4,4,Best Telco to work.. Will get exposure and chance to work on all latest technologies .,0
BT,02-09-2021, Cloud Data Engineer,"Current Employee, more than 1 year",Bangalore,3,2,3,3,3,3,2,Good company with benefits,0
BT,2/27/2021, Data Analyst,"Current Employee, more than 3 years","Gurgaon, Haryana, Haryana",4,4,4,4,5,4,3,Good  company to work for ,0
BT,3/24/2021, Data Analyst,"Current Employee, more than 3 years","Gurgaon, Haryana, Haryana",1,1,2,2,2,1,2,Lower grade company even a startup company gives you better salaries then BT,1
Bain-and-Company,02-01-2021, Senior Data Engineer,"Current Employee, more than 1 year","Gurgaon, Haryana, Haryana",5,5,5,5,5,3,4,Awesome organization to work with,0
Balfour-Beatty,4/25/2021, Data Engineer,Current Employee,Bangalore,5,5,5,5,5,3,5,"Good place to work,Work life balance is good People are supporting.",0
Barclays,1/30/2018, Big Data Engineer,"Current Employee, more than 1 year",Pune,5,3,3,4,4,4,3,Awesome place for learning,0
Barclays,01-12-2019, Big Data Architect,"Current Employee, more than 3 years",Pune,5,3,4,5,4,5,3,"1) Learning Curve is really excellent
2) Good Number of opportunities
3) In case you feel monotonous with job , there is Internal Job Board through which you can apply for any other role and then you are interviewed for the role and moved internally.
4) Good Salary",0
Barclays,3/26/2019, Data Analyst,"Current Employee, more than 3 years",Mumbai,4,4,4,4,4,3,2,Great place to work,0
Barclays,6/15/2019, Data Quality Analyst,"Current Employee, more than 3 years",Pune,4,4,5,5,4,3,3,My experience at Barclays is full of projects. Barclays is my first job after graduation.,0
Barclays,9/30/2019, IMS Database,"Current Employee, more than 1 year",Pune,3,3,2,3,2,1,1,No work life balance and bad management,1
Barclays,10-09-2019, Data Analyst,"Current Employee, more than 3 years",Chennai,3,3,3,3,3,3,3,not the best company but okay to work with it.,1
Barclays,03-06-2020, Data Engineer,"Current Employee, more than 3 years",Chennai,4,5,4,4,4,5,4,Growth depends on the manager and the team you are in,2
Barclays,01-06-2021, Data Analyst,"Current Employee, more than 5 years",Chennai,4,5,4,4,4,5,4,Working environment helps every individual to develop their skillset,1
Barclays,04-08-2021, Data Scientist,"Current Employee, more than 1 year",Pune,3,5,3,3,3,3,3,Good place to start,0
Barclays,05-06-2021, Senior Database Administrator (Database Administrator),"Current Employee, more than 8 years",Pune,5,5,5,5,5,5,5,Good work life balance and perks as well,0
Barclays,5/26/2021, Data Analyst,"Current Employee, more than 3 years",Pune,3,1,1,2,1,5,1,"Too much of work pressure, Good salary Is the only best part",1
Bloomberg-L-P,9/20/2020, Global Data Analyst,Current Employee,Mumbai,5,5,5,5,5,5,5,Excellent awesome amazing lovely,0
Blue-Yonder,05-03-2020, Senior Data Scientist,"Current Employee, more than 1 year",Bangalore,5,5,5,4,4,3,5,One of the best places to work at,0
Blue-Yonder,07-01-2020, SQL Server Database Administrator,Current Employee,Bangalore,4,4,3,4,4,4,3,"Good environment to work, employee-friendly.",0
Boston-Consulting-Group,1/13/2021, Data Scientist,"Current Employee, more than 1 year","Gurgaon, Haryana, Haryana",5,3,5,5,5,5,4,Company offer very good employee benefit such as top quality health insurance,0
Boston-Consulting-Group,02-01-2021, Senior Data Analyst,"Current Employee, more than 1 year",Bangalore,4,2,5,4,4,3,4,Very nice company- good culture,0
Boston-Consulting-Group,05-08-2021, Data Scientist,"Current Employee, more than 1 year",New Delhi,4,4,5,5,5,4,4,"Excellent use cases to work on 
work environment is also coordinal.",0
CBRE,03-11-2020, Data Management Analyst,"Current Employee, less than 1 year","Gurgaon, Haryana, Haryana",5,5,5,5,5,5,5,"Good salary, proper guidance, safe and healthy environment",0
Citi,10/25/2017, Data Analyst,"Current Employee, less than 1 year",Mumbai,4,3,5,3,3,4,3,Good company...bad hr policies,2
Citi,2/13/2018, Data Scientist,"Current Employee, more than 1 year",Bangalore,4,5,3,3,3,4,4,"Good work life balance
good brand name
access to move to us",0
Citi,11-12-2018, Data Scientist,"Current Employee, more than 10 years",Bangalore,4,5,4,3,5,5,5,good company for aspirants who want to purse their careers in the field of data science,0
Citi,1/31/2019, Data Analyst Intern,"Current Employee, less than 1 year",Chennai,5,4,5,4,5,4,4,Citi is great place to work with all kind of people and its great company,0
Citi,06-09-2020, Senior Data Scientist,"Current Employee, more than 3 years",Bangalore,3,2,4,3,3,3,3,Not a bad choice but certainly far from the best,2
Citi,6/29/2020, Data Scientist,"Current Employee, more than 1 year",Bangalore,4,5,4,3,3,3,3,Good work-life balance,0
Citi,11/27/2020, Data Analyst,"Current Employee, less than 1 year",Chennai,4,4,4,3,4,4,4,good work life balance,0
Citi,1/30/2021, Data Analyst,"Current Employee, more than 1 year",Pune,4,3,4,5,4,4,3,Good place to work but not best,2
Citi,03-05-2021, Data Analyst,"Current Employee, more than 1 year",Bangalore,4,5,4,3,3,3,4,Good work life balance here but Slow in growth and promotion,2
Citi,03-05-2021, Data Analyst,"Current Employee, more than 1 year",Bangalore,4,5,5,3,3,3,4,work life balance is good but Slow transitions and slow promotions,2
DHL-Supply-Chain,12-06-2020, Data Entry/Quality Control,"Current Employee, more than 3 years","Gurgaon, Haryana, Haryana",5,5,5,5,4,4,5,it's a good company to work for,0
Deloitte,11/17/2019, Senior Data Analyst,"Current Employee, more than 5 years",Mumbai,5,4,5,4,4,4,4,"very good work life balance, good Salary hikes",0
Deloitte,04-04-2020, Junior Data Analyst,Current Employee,Calcutta,3,4,3,4,3,3,4,good work culture and food but bad perks and other facilities,1
Deloitte,4/22/2020, Database Administrator,"Current Employee, more than 5 years","Gurgaon, Haryana, Haryana",5,5,5,5,5,5,5,Flexible hours which is a good thing and nice team work,0
Deloitte,4/29/2020, Data Analyst,Current Employee,Bangalore,4,3,5,4,4,4,4,good environment and great colleagues but poor management and bad work-life balance,2
Deloitte,6/24/2020, Data Engineer,Current Employee,Bangalore,4,3,4,4,4,4,3,good company to kickstart your career,0
Deloitte,08-10-2020, Data Scientist,Current Employee,Mumbai,5,5,4,4,5,4,4,Great company to work for,0
Deloitte,8/14/2020, Big Data Engineer,Current Employee,Bangalore,3,3,4,4,4,4,3,Nice work environment and nice culture. People are very friendly but too much work pressure,2
Deloitte,8/27/2020, Data Analyst,Current Employee,Bangalore,5,5,5,5,5,5,5,Great Company Good office in terms of environment,0
Deloitte,9/17/2020, Big Data Developer,"Current Employee, less than 1 year",Bangalore,4,4,4,4,4,4,4,no proper allocation of resources into the suitable profiles,1
Deloitte,9/28/2020, Data Scientist,Current Employee,Bangalore,4,5,4,4,4,4,3,"Good company, Work from home option is available",0
Deloitte,9/30/2020, Data Analyst/Data Scientist,"Current Employee, more than 1 year",Bangalore,3,2,4,4,2,3,3,Scope of learning is subjected to availability of projects,0
Deloitte,10/15/2020, Data Scientist,Current Employee,Mumbai,4,1,4,3,5,3,5,Great place to grow professionally  Work areas involve multiple domains,0
Deloitte,11-07-2020, Data Analyst,Current Employee,Mumbai,4,5,4,3,4,5,5,"work life balance, good bonus and international trips",0
Deloitte,11-09-2020, Data Scientist,"Current Employee, more than 3 years",Mumbai,3,4,4,4,3,3,3,"Good company but not the best Brand name, Variable pay, Work from home when needed",2
Deloitte,11-12-2020, Audit Data Analytics,"Current Employee, more than 3 years","Gurgaon, Haryana, Haryana",4,3,4,5,4,3,4,"Good work culture, Flexibility but Less Hike",2
Deloitte,1/15/2021, Data Analyst,"Current Employee, less than 1 year","Gurgaon, Haryana, Haryana",5,4,5,4,5,4,5,Great company to work at and evolve,0
Deloitte,1/29/2021, Data Scientist,Current Employee,Bangalore,5,5,3,5,5,3,5,"work life balance, great, nice, good work",0
Deloitte,03-04-2021, Big Data Consultant,Current Employee,Mumbai,4,5,4,3,4,4,5,no better work culture in the organisation,1
Deloitte,03-07-2021, Data Analyst,"Current Employee, less than 1 year","Patna, Bihar, Bihar",5,4,4,4,4,5,5,I can use my skills contributing toward organizational growth simultaneously enhance my career,0
Deloitte,3/30/2021, Data Scientist,Current Employee,Bangalore,4,5,4,4,2,4,5,Nice place to work Good place to learn new things.,0
Deloitte,4/26/2021, Applied & Data Scientist,"Current Employee, less than 1 year",Bangalore,4,2,5,5,5,4,4,"Good talented colleagues, good company policies",0
Deloitte,05-02-2021, Data Scientist,Current Employee,Bangalore,4,4,4,4,4,4,4,good and responsible consulting management company,0
Deloitte,05-10-2021, Data Scientist,"Current Employee, more than 1 year",Bangalore,4,3,4,4,4,4,4,good to start your career with. diversified learning,0
Deloitte,05-10-2021, Data Scientist,"Current Employee, more than 1 year",Bangalore,5,4,3,4,5,4,4,"Great learning, exposure, networking. . Etc",0
Deloitte,5/14/2021, Data Quality Consultant,"Current Employee, more than 1 year",Bangalore,5,3,5,5,5,4,5,One of the best places to work and learn but projects take too long to complete.,2
Deloitte,5/29/2021, Data Scientist,"Current Employee, more than 3 years","Gurgaon, Haryana, Haryana",4,4,5,5,5,3,5,"Amazing culture
Supportive leadership
Royal treatment to employes
Opportunity to grow
Visa filing",0
Deutsche-Bank,4/19/2020, Data Engineer,Current Employee,Pune,4,5,4,3,4,4,4," Employee friendly policy
Good work
Good payer",0
Deutsche-Bank,12/17/2020, Senior Data Analyst,Current Employee,Pune,4,4,4,5,4,4,5, Great Place to work Employee friendly company and good workplace,0
Diageo,10/20/2019, Master Data Specialist,"Current Employee, more than 3 years",Bangalore,3,4,3,4,1,1,1,"Workplace ,work life balance , Cabs, food and Drinks are good but no standard work culture",2
Diageo,04-11-2020, Data Specialist,Current Employee,Bangalore,4,4,4,5,4,3,2,Freedom to succeed in work,0
Diageo,7/16/2020, Data Scientist,"Current Employee, less than 1 year",Bangalore,4,5,5,4,4,5,5,"Nice Company to work With but salary increment is low.Great Working Environment, Lively work culture",0
Diageo,11/30/2020, Data Analyst,"Current Employee, more than 1 year",Bangalore,2,1,2,2,2,2,2,No work life balance Good to learn new tools,0
Diageo,02-05-2021, Big Data Developer,"Current Employee, more than 1 year",Bangalore,4,4,5,4,4,2,3,work life balance is good but hikes are very less.,2
Dynatrace,04-12-2021, Data Anlysts,Current Employee,Navi Mumbai,1,2,4,1,2,1,1,Good work nice clean culture but bad team,2
EY,12-09-2018, Data Analyst,"Current Employee, more than 1 year",Bangalore,5,5,5,5,4,3,4,"Really good Working culture, locations, team, onsite",0
EY,3/26/2019, Data Analyst,"Current Employee, more than 1 year",Bangalore,2,4,3,4,1,1,2,"Work Flexibility,Transport facility,Work from home but low salary.",2
EY,5/31/2019, Supervising Associate for Data Analyst Group,"Current Employee, more than 3 years",Bangalore,5,5,5,4,3,5,2,Ernst Young LLP is one of best company to work,0
EY,06-11-2019, Senior Data Analyst,"Current Employee, more than 1 year",Bangalore,5,5,4,4,5,4,5,"Good work life balance and work from home option
Focuses on employee Learning
Good practises
Respect for employees",0
EY,6/27/2019, Senior Data Engineer,"Current Employee, more than 1 year",Bangalore,4,2,3,4,4,4,2,better organization culture but lack of work life balance,2
EY,7/16/2019, Associate Data Analyst,"Current Employee, less than 1 year",Thiruvananthapuram,4,5,5,4,4,2,5,Great place to work.,0
EY,3/16/2020, Data Analyst,"Current Employee, less than 1 year",Bangalore,4,5,5,4,4,4,5," Best place to work, Classy, no politics or less politics,best place to learn",0
EY,3/20/2020, Senior Data Scientist,"Current Employee, more than 1 year","Gurgaon, Haryana, Haryana",1,3,3,1,1,3,1,Worst Company to work for - EY GDS,1
EY,3/24/2020, Data Entry,"Current Employee, less than 1 year",TiruppÅ«r,4,5,4,4,4,4,4,Your company is trusted company so I like to work in your company,0
EY,5/27/2020, Data Analyst,"Current Employee, less than 1 year",Mumbai,4,4,5,5,5,3,5,"Excellent learning at EY, Excellent learning curve.
Great opportunities to grow yourself.
Flat hierarchy, you can reach out to anyone without hesitation and Brand value.",0
EY,06-09-2020, Data Analyst,Current Employee,Bangalore,5,3,5,4,5,2,5,Great work environment,0
EY,6/18/2020, Advanced Data Analyst,"Current Employee, more than 3 years","Gurgaon, Haryana, Haryana",5,3,5,4,4,4,3,"good culture and environment to work in, provides deaslines effective for the better performance",0
EY,09-05-2020, Data Analyst,"Current Employee, more than 1 year","Gurgaon, Haryana, Haryana",2,1,1,2,3,5,1,"Learning opportunity, flexible work hours, job stability are good but culture, work pressure,management handling, salary are worst.",1
EY,10-07-2020, Data Analyst,Current Employee,Bangalore,3,4,4,4,3,2,4,Difficult for a fresher,1
EY,10-07-2020, Data Analyst,Current Employee,Bangalore,3,4,4,4,3,2,4,Difficult for a fresher,1
EY,10-12-2020, Data Analyst,"Current Employee, more than 1 year",Mumbai,4,1,2,3,3,4,3,"salary is on time, management is supportive overall good company. ",0
EY,10/15/2020, Data Analyst,Current Employee,"Gurgaon, Haryana, Haryana",1,1,1,2,1,1,1,Pathetic work culture,1
EY,11/18/2020, Data Engineer,"Current Employee, more than 1 year",Bangalore,4,3,4,4,4,5,3,Good company  to learn,0
EY,11/19/2020, Data Scientist,"Current Employee, more than 1 year",Mumbai,4,1,3,3,4,5,2,It's good for hard and smart working people to work here.,0
EY,11/27/2020, Data Analyst,Current Employee,Chennai,3,2,3,3,3,2,3,"Flexible working hours, Supportive and helpful colleagues but less pay",2
EY,12-04-2020, Lead Data Analyst,Current Employee,Thiruvananthapuram,4,4,4,4,4,4,4,It is one of the companies where one can produce a very fruitful career,0
EY,01-11-2021, Data Analyst,"Current Employee, less than 1 year",Bangalore,3,2,4,3,2,4,4,"Job safety, great organization, other benefits but no career development overall average company.",1
EY,1/20/2021, Bigdata Engineer,"Current Employee, more than 1 year",Bangalore,5,5,5,5,5,5,5,it is good company to work,0
EY,1/31/2021, Senior Data Analyst,"Current Employee, more than 1 year",Bangalore,3,3,4,4,3,3,3,A company where you can stay if you are satisfied with your life!,2
EY,02-10-2021, Data Engineer,"Current Employee, more than 1 year",Chennai,5,4,5,4,5,4,5,"Work culture is good.
Advanced Technology.",0
EY,2/13/2021, Data Scientist,"Current Employee, more than 1 year",Bangalore,4,5,5,5,5,3,5,A good work environment,0
EY,2/17/2021, Data Architect,"Current Employee, more than 1 year",Bangalore,5,4,4,5,4,4,4,"Good People, good Workplace and best type of opportunity",0
EY,2/26/2021, Business Analyst/Data Analyst,Current Employee,"Gurgaon, Haryana, Haryana",3,1,2,5,4,3,3,EY is the good opportunity,0
EY,03-09-2021, Senior Big Data Engineer,Current Employee,Bangalore,3,1,2,3,3,3,1,Good Company but no work life balance,2
EY,3/16/2021, Data & Analytics Manager,"Current Employee, more than 3 years",Bangalore,5,4,5,5,5,4,5,"Good culture,
Plenty of opportunities to work and enhance your skill,
Great management,
People centric",0
EY,3/16/2021, Data Analyst,"Current Employee, less than 1 year",Mumbai,4,3,5,4,4,4,5,Great company to begin your professional career.,0
EY,3/18/2021, Senior Data Analyst,Current Employee,Thiruvananthapuram,4,4,4,4,4,4,4,Decent place to work,0
EY,04-09-2021, Lead Data Analyst,Current Employee,"Gurgaon, Haryana, Haryana",4,2,4,4,4,3,3,Excellent work environment,0
EY,04-12-2021, Data Scientist,Current Employee,"Gurgaon, Haryana, Haryana",3,3,2,1,2,2,1,"poor management, learning and no proper growth",1
EY,4/15/2021, Data Scientist,"Current Employee, more than 1 year",Bangalore,3,1,5,5,3,2,4,poor management and no proper growth,1
EY,4/20/2021, Data Analyst,"Current Employee, more than 1 year","Gurgaon, Haryana, Haryana",4,1,5,5,4,1,1,"Amazing Team, Good Environment and Big 4 Exp but low salary",2
EY,5/17/2021, Data Scientist,Current Employee,New Delhi,5,5,5,4,5,4,5,Great friendly innovative learning excellent,0
EY,5/20/2021, Data Scientist,Current Employee,Bangalore,5,5,5,5,5,5,5,Good working environment with flexible hours,0
EY,5/24/2021, Data Analyst,"Current Employee, more than 1 year",Calcutta,3,1,2,3,3,3,1,"Good working environment but long work hours, poor management, need to work on weekends as well.",1
EY,5/30/2021, Senior Data Scientist,"Current Employee, more than 1 year",Bangalore,5,4,4,5,5,3,5,Great enriching work culture,0
EY,06-04-2021, Data Analyst,Current Employee,Bangalore,4,2,3,3,3,2,3,Good environment . Great teams. Helpful. Learning pro only drawback is no work life balance and less play,0
Equiniti,04-08-2019, Data Analyst,"Current Employee, more than 5 years",Chennai,4,4,3,4,4,1,3,Excellent Workplace,0
Eversheds-Sutherland,05-07-2020, Data Analyst,Current Employee,Chennai,5,5,5,5,5,5,5,Good company to work,0
FARFETCH,09-04-2020, Lead Data Engineer,"Current Employee, less than 1 year","Gurgaon, Haryana, Haryana",4,4,4,4,4,5,4,Excellent Company to Work For,0
Goldman-Sachs,04-07-2020, Data Analyst,Current Employee,Bangalore,5,4,5,4,4,4,5,good environment no hierarchy between seniors juniors,0
Goldman-Sachs,10/16/2020, Data Scientist,Current Employee,Bangalore,5,4,5,4,5,4,5,Amazing Company to Work For,0
Goldman-Sachs,5/16/2021, Data Analyst,Current Employee,Bangalore,4,1,3,3,3,4,3,very nice company to work with good salary but hectic work.,2
Google,8/27/2017, Data Entry,"Current Employee, more than 3 years",Dombivli,5,5,5,4,5,5,5,Google is the  best company for online job,0
Google,07-06-2018, Online Data Entry,"Current Employee, less than 1 year","NÄgpur, Maharashtra, Maharashtra",4,5,5,4,5,5,5,Google is the best company of word,0
Google,07-05-2019, Data Scientist,"Current Employee, less than 1 year",Bangalore,5,4,4,4,4,4,4,To get experience from Google need to work with them!,0
Google,07-11-2019, Data Analyst,Current Employee,"Gurgaon, Haryana, Haryana",4,5,5,4,4,4,4,flexibility in shifts  and good environment,0
Google,12-01-2019, Data Engineer,"Current Employee, less than 1 year",Bangalore,5,4,5,4,5,5,4,Good environment to work in.,0
Google,03-08-2020, Senior Data Scientist,"Current Employee, more than 3 years",Chennai,5,5,5,4,4,5,5,high knowledge in tech and information,0
Google,4/22/2020, Data Analyst,"Current Employee, more than 1 year","Gurgaon, Haryana, Haryana",5,4,4,4,4,4,4,"Good Environment,Free meals and Cab,Free snacks",0
Google,6/17/2020, Data Analyst,Current Employee,Bangalore,5,5,5,5,5,5,5,very very good plae to work,0
Google,6/18/2020, Big Data Developer,Current Employee,"NÄgpur, Maharashtra, Maharashtra",5,5,4,4,2,1,3,excellent experince till now amazing place to work,0
Google,7/24/2020, Senior Data Scientist,Current Employee,Noida,5,2,2,2,3,5,2,"Great Work Place, Everything is fine with google",0
Google,08-04-2020, Data Scientist,Current Employee,"Gurgaon, Haryana, Haryana",3,4,4,4,4,4,4,"High payscale, treat employees very good and working conditions are also good",0
Google,8/21/2020, Data Scientist,Current Employee,Pune,5,5,5,5,5,5,5,Best company to work with.,0
Google,09-07-2020, Data Analyst,"Current Employee, less than 1 year",Bangalore,5,5,5,5,5,5,5,Awesome to work here,0
Google,9/25/2020, Any Type of Job Like Data Entry,"Current Employee, less than 1 year",Bhopal,5,5,5,5,5,3,5,It's Genuine and believable ,0
Google,11/25/2020, Data Analyst,"Current Employee, more than 1 year",Bangalore,5,5,5,5,5,5,5,Best company for technology IT,0
Google,12/19/2020, Senior Data Scientist,Current Employee,Kathmandu,5,5,5,5,5,5,5,Good to work here,0
Google,12/31/2020, Data Scientist,"Current Employee, more than 8 years",Bangalore,4,4,4,4,4,3,4,the best company in the world. it improves my knowledge and skills.,0
Google,02-12-2021, Data Scientist,Current Employee,"Tarapur, Maharashtra, Maharashtra",4,,,,,,,It is good man what else can I say,0
Google,04-03-2021, Data Analyst,"Current Employee, more than 1 year",New Delhi,4,5,5,5,5,5,5,Best of the best in market,0
Google,05-02-2021, Data Scientist,"Current Employee, less than 1 year",New Delhi,5,5,5,5,5,5,5,It's the best company one could get into,0
Google,5/23/2021, Data Analyst,"Current Employee, less than 1 year",Mumbai,5,5,5,5,5,5,5,Good place to work with,0
Grant-Thornton,4/28/2021, Senior Data Analyst,"Current Employee, more than 1 year",Bangalore,4,4,5,4,4,2,4,One of the best companies to work for. Good work-life balance with flexible work timings.,0
HSBC-Holdings,07-09-2017, Data Analyst,"Current Employee, more than 1 year",Bangalore,4,4,4,4,4,3,4,allows to display our creativity and work closely with the management that enhances the learning ability and performance overall a good company to for for,0
HSBC-Holdings,02-04-2019, Data Analyst,"Current Employee, more than 1 year",Pune,5,5,5,5,5,5,5,Working culture is good.Teams are very helpful,0
HSBC-Holdings,9/28/2020, Data Analyst,"Current Employee, more than 1 year",Bangalore,5,5,5,4,4,3,4,"Great experience, good Work Life Balance and
Respect for employees",0
HSBC-Holdings,10/28/2020, Data Analyst,"Current Employee, more than 1 year",Bangalore,5,4,4,4,4,4,4,"Good work-life balance, career, compensation, bonus and A good working place for women employees",0
HSBC-Holdings,1/28/2021, Data Analyst,"Current Employee, more than 1 year",Bangalore,2,5,2,5,2,3,1,no proper coordiantion between the subordinates and the managers in the context of hikes of employees,1
HSBC-Holdings,4/28/2021, Data Analyst,"Current Employee, more than 3 years",Bangalore,4,4,3,5,3,2,5,"It's a good company but Technical learning is less, business learning is more.",0
IBM,1/17/2017, Oracle Database Administrator,"Current Employee, more than 1 year",Bangalore,4,5,5,4,4,3,5,"It is a very employee-friendly organization. No swipe in swipe out concept.
Work when ever you want and where ever you want Overall a nice place to work.",0
IBM,04-09-2017, Oracle Database Administrator,"Current Employee, more than 3 years",Bangalore,3,1,1,2,2,1,2,"for learning in initial good  carrier its good but Less Salary - No increments year after year , 
No Leaves -  excuse is utilization will go down . Yearly leaves are eyewash.
UN-realistic yearly targets and exception is great with hands tied of a resource
Demotivating environment
Work from home has gone now",1
IBM,5/30/2017, Data Specialist ,"Current Employee, less than 1 year",Calcutta,5,5,5,4,5,5,5,"Fantastic work life balance,fantastic work culture with some with some great pays and perks especially if you are a fresher.",0
IBM,06-01-2017, Data Management Support Specialist,"Current Employee, more than 3 years",Bangalore,5,5,5,4,5,4,3,Worlds best company to work,0
IBM,6/21/2017, Data Engineer,"Current Employee, more than 5 years",Bangalore,3,4,2,4,4,3,3,A company with a lot of opportuinites,0
IBM,7/14/2017, SQL Server Database Administrator,"Current Employee, more than 3 years",Bangalore,4,4,5,4,5,4,5,Provides a great platform to start your career. I am happy to be the part of IBM family. Growth opportunities and endless learning.,0
IBM,08-02-2017, Data Specialist,"Current Employee, less than 1 year","Gurgaon, Haryana, Haryana",3,4,2,2,3,1,3,"Flexible Timing
Good Work Culture
Onsite options if stay for long time.",0
IBM,08-04-2017, Data Scientist,"Current Employee, more than 3 years",Bangalore,4,5,5,4,4,2,4,wonderful and amazing company to work,0
IBM,11/13/2017, Senior Data Analyst,"Current Employee, less than 1 year",Bangalore,4,2,5,4,5,2,2,Good Company to work,0
IBM,11/20/2017, Test Specialist Data,"Current Employee, more than 3 years","Gurgaon, Haryana, Haryana",3,4,2,4,3,1,2,company need to improve in various aspects,1
IBM,11/27/2017, Senior Database Administrator,"Current Employee, more than 10 years",Calcutta,2,3,2,2,2,2,1,"no work life balance, worst working environment",1
IBM,12/26/2017, Data Specialist,"Current Employee, less than 1 year",Pune,4,3,3,4,3,3,4,good work life balance and encourages the innovation and creativity  but less salary.,2
IBM,1/29/2018, Data Analyst,"Current Employee, less than 1 year",Bangalore,4,4,3,4,3,4,3,"Flexible, Good to work, Improvement of technical skills but no hikes given.",2
IBM,02-12-2018, Data Stage Developer,"Current Employee, more than 3 years",Bangalore,4,4,4,4,4,2,4,IBM is a good place to work,0
IBM,2/20/2018, Senior Database Administrator,Current Employee,Bangalore,4,4,4,4,4,3,3,Flexible working,0
IBM,2/28/2018, Data Specialist,"Current Employee, more than 5 years",Bangalore,4,3,3,4,3,2,3,Good place to work with slow growth,2
IBM,03-10-2018, Data Scientist,"Current Employee, more than 1 year",Bangalore,4,4,3,4,2,2,1,good company to work for,0
IBM,03-12-2018, Oracle Database Administrator,"Current Employee, less than 1 year",Bangalore,4,3,4,4,4,3,3,"Flexibility, Culture, Good Environment, less stress",0
IBM,3/16/2018, Data Scientist,"Current Employee, more than 1 year",Bangalore,5,4,4,4,5,4,5,"An organization that helped me to transform myself and made me realize what I need rather than what I want. There could always be some instances in your career when you are not happy with work or compensation or flexibility offered by the organizations and it can be highly confusing and misleading at times. In such situations all need is some extra space to choose from multiple options. IBM has been helpful for me to choose the right kind of work,benefit and flexibility.",0
IBM,3/16/2018, Data Scientist,"Current Employee, more than 1 year",Bangalore,5,4,4,4,5,4,5,"An organization that helped me to transform myself and made me realize what I need rather than what I want. There could always be some instances in your career when you are not happy with work or compensation or flexibility offered by the organizations and it can be highly confusing and misleading at times. In such situations all need is some extra space to choose from multiple options. IBM has been helpful for me to choose the right kind of work,benefit and flexibility.",0
IBM,04-04-2018, Data Analyst,"Current Employee, more than 3 years",New Delhi,4,4,4,4,4,4,4,good company to work,0
IBM,04-09-2018, DB2 Database Administrator,"Current Employee, more than 5 years",Noida,4,4,4,4,4,3,2,Good Company to work with,0
IBM,5/25/2018, Data Scientist,"Current Employee, more than 1 year",Bangalore,5,4,4,4,3,3,4,"wonderful company , Beautiful Work culture, Nature",0
IBM,5/30/2018, Oracle Database Administrator,"Current Employee, more than 3 years",Bangalore,4,4,5,4,3,4,4,Nice environment to work .,0
IBM,06-05-2018, Data Scientist,"Current Employee, more than 1 year",Bangalore,5,5,4,4,4,5,4,"Flexible working hours and work from home policy, Competitive compensation and Good holiday and leave policy",0
IBM,6/19/2018, Data Scientist,"Current Employee, more than 1 year",Calcutta,3,5,4,3,2,2,3,Good to work but no growth ,1
IBM,6/19/2018, Data Scientist,"Current Employee, more than 1 year",Calcutta,3,5,4,3,2,2,3,Good to work but no grow,1
IBM,07-02-2018, Database Developer,"Current Employee, more than 1 year",Bangalore,3,3,3,3,3,3,3,great place to learn but can't expect raise,2
IBM,7/16/2018, Data Scientist,"Current Employee, more than 10 years",Bangalore,3,4,4,4,4,3,3,Good Company..Depends on the team,2
IBM,7/19/2018, Data Architect,"Current Employee, more than 10 years",Bangalore,3,2,4,4,4,3,2,"good learning exp for fresher. certifications, trainings for exp",0
IBM,7/29/2018, Data Programmer,"Current Employee, more than 3 years",Bangalore,5,5,5,5,4,3,3,"Good working environment
Offers flexibiity in terms of daily works and work from home facilities
Encouragement towards learning through certification and badges but lesser salaries, hikes, bonus ",0
IBM,10-02-2018, Oracle Database Administrator,"Current Employee, more than 1 year",Bangalore,5,4,4,4,5,5,4,amazing company to Work For,0
IBM,11/15/2018, Data Specialist,"Current Employee, more than 5 years",Noida,3,4,4,4,3,3,3,Good company to work,0
IBM,01-12-2019, Data Specialist,"Current Employee, more than 5 years",Calcutta,4,4,4,3,3,3,3,"Latest technology driven, Innovative, Good work culture, work from home facility, technically sound people, opportunity to excel in new domain",0
IBM,1/22/2019, Database Developer,"Current Employee, more than 3 years",Bangalore,4,5,5,4,4,4,5,"Good place to work.
Work life balance.",0
IBM,1/23/2019, Lead Database Administrator,"Current Employee, more than 3 years",Pune,5,5,5,5,5,5,5,Good Company to work in flexibiity,0
IBM,2/17/2019, Senior Data Analyst,"Current Employee, more than 1 year",Bangalore,5,4,5,4,4,4,4,Good company to Work,0
IBM,2/27/2019, Data Engineer,"Current Employee, more than 3 years",Bangalore,3,3,4,4,3,2,4,ok place to work,1
IBM,4/24/2019, Data Analyst,"Current Employee, more than 1 year",Bangalore,4,4,4,4,4,3,2,"the company is Flexible and new technolgy opportunities are available but lesser hikes, compensation.",2
IBM,05-02-2019, Senior Data Analyst,"Current Employee, less than 1 year","Gurgaon, Haryana, Haryana",5,3,4,4,4,3,3,"NIce working culture, good opportunities",0
IBM,05-03-2019, Oracle Database Administrator,"Current Employee, more than 1 year",Bangalore,5,4,5,4,5,2,4,work culture is so good,0
IBM,5/15/2019, Data Scientist,"Current Employee, more than 1 year",Bangalore,5,5,5,5,5,5,5,Best Company to Work For,0
IBM,5/29/2019, Oracle Database Administrator,"Current Employee, more than 3 years",Pune,5,5,5,4,5,4,5,Nice Company to Work it also has good work culture but appraisals are not good.,2
IBM,06-11-2019, Data Scientist,"Current Employee, more than 3 years",Bangalore,4,5,5,5,4,4,3,Skills required for Data Scientist are well advanced and have good resources. ,0
IBM,6/27/2019, Database Administrator,"Current Employee, more than 1 year",Chennai,4,5,4,5,4,1,4,Good for work life balance and good network can be built and provides good resources .,0
IBM,07-08-2019, Data Engineer,"Current Employee, more than 1 year","Gurgaon, Haryana, Haryana",5,5,5,3,4,3,4,Great place to work at if you need time for yourself and your family.,0
IBM,07-09-2019, Data Specialist,"Current Employee, more than 1 year",Pune,4,4,4,2,4,4,3,Great place to work and good learning opportunites available good work life balance.,0
IBM,07-10-2019, Mssql Database Administrator,"Current Employee, more than 5 years",Bangalore,5,5,5,4,3,2,3,Great place to work at if you need time for yourself and your family overall a good company.,0
IBM,7/15/2019, Data Scientist,"Current Employee, more than 1 year",Bangalore,4,5,5,4,4,3,4,Working with IBM is good not only for work life balance but also for better opportunities in the domain,0
IBM,7/25/2019, Data Scientist,"Current Employee, more than 3 years",Noida,4,5,5,3,4,4,5,Data Scientist role is upto the global standard and provieds excellent work experience.,0
IBM,08-12-2019, Data Engineer,"Current Employee, more than 1 year",Calcutta,5,5,5,5,5,2,5,Data Engineer role is good but work environment and management is bad ,1
IBM,8/13/2019, Data Engineer,"Current Employee, more than 5 years","Gurgaon, Haryana, Haryana",4,5,4,3,3,1,3,Good company to work and learn . Good worklife balance.,0
IBM,8/22/2019, Data Engineer,"Current Employee, more than 3 years",Bangalore,3,4,3,4,4,2,3,Ok place to work and improve skills. Very less salaries and low hikes.,1
IBM,8/30/2019, Data Engineer,"Current Employee, more than 5 years","Gurgaon, Haryana, Haryana",4,5,3,4,4,4,3,An organization with good policies but lack growth adore IBM as an employer which has some great policies as far as employees are concerned with special needs. ,0
IBM,9/13/2019, Data Programmer,"Current Employee, more than 1 year","Indi, Karnataka, Karnataka",4,4,5,3,4,3,4,data programmer pay and hike is less but flexible timing and good work environment.,2
IBM,9/29/2019, Data Analyst,"Current Employee, more than 3 years",Bangalore,4,4,3,4,4,2,2,Data Analyst role good bit less hikes poor bonus and management but it provides hassle-free work.,2
